{"cameraMode":{"drawMode":0,"name":"Shaded","section":"Shading Mode"},"sceneLighting":false,"audioPlay":false,"sceneViewState":{"m_AlwaysRefresh":false,"showFog":true,"showSkybox":false,"showFlares":true,"showImageEffects":true,"showParticleSystems":true,"showVisualEffectGraphs":true,"m_FxEnabled":true},"in2DMode":false,"pivot":{"x":10.916532516479493,"y":6.942741394042969,"z":10.81987190246582},"rotation":{"x":0.23082168400287629,"y":0.09237257391214371,"z":-0.022012589499354364,"w":0.9683552980422974},"size":1.2317525148391724,"orthographic":false}